chunk_id,bloom_level,cognitive_depth_winner,cognitive_depth_orders,cognitive_depth_reason,question_quality_winner,question_quality_orders,question_quality_reason,reasoning_demand_winner,reasoning_demand_orders,reasoning_demand_reason,educational_value_winner,educational_value_orders,educational_value_reason,discriminative_power_winner,discriminative_power_orders,discriminative_power_reason,bias_leakage_winner,bias_leakage_orders,bias_leakage_reason,overall_winner,overall_orders,overall_reason
scheduling,remember,tie,baseline|icl,"Set A has more questions classified as RECALL, which is suitable for the EASY target difficulty",tie,baseline|icl,"Set A questions are unambiguous, grammatically correct, and free of multiple valid interpretations",tie,baseline|icl,"Set A questions require only direct recall, matching the EASY target level",tie,baseline|icl,Set A questions test fundamental concepts that reveal depth of understanding,tie,baseline|icl,"Set A questions can separate students who truly understand from those who do not, without requiring reasoning",tie,baseline|icl,"Set A questions do not hint at their own answers, use leading phrasing, or embed the solution in the question text",tie,baseline|icl,"Set A excels in all dimensions, providing a better assessment of student knowledge at the EASY target difficulty"
scheduling,apply,icl,icl|icl,"Set B has more questions classified as APPLY or ANALYZE, which matches the target difficulty of MEDIUM",icl,icl|icl,"Set B questions are more unambiguous and free of multiple valid interpretations, such as B2 which clearly asks for a comparison",icl,icl|icl,"Set B requires more appropriate cognitive work for the target level, such as B1 which requires understanding the effect of time quantum on RR scheduling",icl,icl|icl,"Set B targets more concepts that reveal depth of understanding, such as the comparison between preemptive and non-preemptive scheduling in B2",icl,icl|icl,"Set B questions are more likely to separate students who truly understand from those who do not, such as B1 which requires applying knowledge of RR scheduling",icl,icl|icl,"Set B has less bias and leakage risk, with questions that do not hint at their own answers or use leading phrasing",icl,icl|icl,"Set B is the better set overall, with more questions that match the target difficulty, are of high quality, and require appropriate cognitive work"
scheduling,evaluate,tie,baseline|icl,"Set A has more questions classified as EVALUATE, which aligns with the TARGET DIFFICULTY of HARD",tie,baseline|icl,"Set A questions are unambiguous, grammatically correct, and free of multiple valid interpretations, making them clearer than Set B",tie,baseline|icl,"Set A requires weighing trade-offs or justifying design decisions across multiple dimensions, matching the target level of HARD",tie,baseline|icl,"Set A targets concepts that reveal depth of understanding, such as the convoy effect and implications of smaller time quanta",tie,baseline|icl,"Set A questions require genuine evaluative reasoning, making them more effective at separating students who truly understand from those who do not",tie,baseline|icl,"Set A questions have lower bias and leakage risk, as they do not hint at their own answers or use leading phrasing",tie,baseline|icl,"Set A excels in all dimensions, providing a more comprehensive and challenging assessment of CPU scheduling concepts"
deadlock,remember,icl,icl|icl,"Set B has more questions classified as RECALL, which is suitable for the EASY target difficulty",tie,tie|tie,"Both sets have unambiguous, grammatically correct questions with no multiple valid interpretations",tie,baseline|icl,"Set A requires more direct recall and less multi-step reasoning, making it more suitable for the EASY target level",baseline,baseline|baseline,"Set A targets fundamental concepts that reveal depth of understanding, such as the difference between safe and unsafe states",baseline,baseline|baseline,"Set A questions are more likely to separate students who truly understand from those who do not, as they require direct recall of key concepts",tie,tie|tie,"Neither set has questions that hint at their own answer, use leading phrasing, or embed the solution in the question text",tie,baseline|icl,"Set A is more suitable for the EASY target difficulty, as it requires direct recall of key concepts and has high educational value"
deadlock,apply,icl,icl|icl,"Set B has more questions classified as ANALYZE and EVALUATE, which better matches the MEDIUM target difficulty",tie,tie|icl,"Both sets have unambiguous, grammatically correct questions with no multiple valid interpretations",icl,icl|icl,"Set B requires more cognitive work, such as comparing and contrasting strategies, which matches the MEDIUM target level",icl,icl|icl,"Set B targets more complex concepts, such as the difference between prevention and avoidance strategies, which reveals depth of understanding",icl,icl|icl,"Set B questions are more likely to separate students who truly understand from those who do not, as they require more nuanced reasoning",tie,tie|icl,Neither set has questions with leading phrasing or embedded solutions that would distort the difficulty measurement,icl,icl|icl,"Set B better matches the MEDIUM target difficulty and requires more cognitive work, making it a more effective assessment of student understanding"
deadlock,evaluate,icl,icl|icl,"Set B has more questions that map to the target difficulty of HARD via the EVALUATE classification, such as B1 and B3, which require weighing trade-offs and justifying design decisions.",icl,icl|icl,"Set B questions, such as B1 and B3, are more specific and unambiguous, allowing for clearer discrimination at the target level, whereas Set A questions, like A1, are more general and open to multiple interpretations.",icl,icl|icl,"Set B questions, like B2 and B3, require more complex reasoning that matches the target level, involving explanation of relationships and derivation of implications, whereas Set A questions, such as A2, may be answered with less depth of reasoning.",icl,icl|icl,"Set B targets concepts that reveal a deeper understanding of deadlock, such as the implications of the Banker's algorithm and the differences between livelock and deadlock, making them higher in educational value.",icl,icl|icl,"Set B questions are more likely to separate students who truly understand from those who do not, as they require genuine evaluative reasoning and application of concepts, such as in B1 and B3.",icl,icl|icl,"Set B questions have less bias and leakage risk, as they do not hint at their own answers or use leading phrasing, allowing for a more accurate measurement of difficulty, unlike some questions in Set A.",icl,icl|icl,"Set B is superior across most dimensions, offering questions that better match the target difficulty, are of higher educational value, and require more appropriate reasoning, making it the overall winner."
memory_paging,remember,tie,baseline|icl,"Set A has more questions classified as RECALL, which is suitable for the EASY target difficulty",tie,baseline|tie,"Set A questions are more concise and unambiguous, reducing the chance of multiple valid interpretations",tie,baseline|icl,"Set A questions require only direct recall, matching the target level of EASY",tie,baseline|icl,"Set A questions target fundamental concepts of virtual memory, revealing a basic understanding of the topic",tie,baseline|icl,"Set A questions can separate students who have studied the basics from those who have not, without requiring reasoning",tie,baseline|icl,"Set A questions do not hint at their own answers or use leading phrasing, reducing bias and leakage risk",tie,baseline|icl,"Set A is better across all dimensions, providing a more suitable set of questions for the EASY target difficulty"
threads,apply,icl,icl|icl,"Set B has more questions classified as APPLY or ANALYZE, which matches the target difficulty of MEDIUM",icl,icl|icl,"Set B questions are more specific and unambiguous, allowing for clearer discrimination at the target level",icl,icl|icl,"Set B questions require applying a method or explaining a relationship, matching the cognitive work required for the MEDIUM target level",icl,icl|icl,"Set B questions target concepts that reveal depth of understanding, such as the differences between threading models and their implications",icl,icl|icl,"Set B questions are more likely to separate students who truly understand from those who do not, as they require applying or explaining concepts rather than mere recall",icl,icl|icl,"Set B questions have lower bias and leakage risk, as they do not hint at their own answers or use leading phrasing",icl,icl|icl,"Set B excels in all dimensions, providing a better assessment of student understanding at the target difficulty level"
threads,evaluate,icl,icl|icl,"Set B has more questions that map to the target difficulty level of HARD via the EVALUATE classification, such as B1 and B2, which require weighing trade-offs and justifying design decisions.",icl,icl|icl,"Set B questions, such as B1 and B3, are more unambiguous and grammatically correct, with clearer structures that avoid multiple valid interpretations.",icl,icl|icl,"Set B questions, like B2, require appropriate cognitive work for the target level, demanding evaluative reasoning and justification of design decisions across multiple dimensions.",icl,icl|icl,"Set B targets concepts that reveal depth of understanding, such as the benefits and implications of different threading models, making them high in educational value.",icl,icl|icl,"Set B questions, such as B1 and B3, are more likely to separate students who truly understand from those who do not, as they require genuine evaluative reasoning and not just recall or simple application.",icl,icl|icl,"Set B questions have lower bias and leakage risk, as they do not hint at their own answers or use leading phrasing, making them a more accurate measure of student understanding.",icl,icl|icl,"Set B excels in all dimensions, providing a better assessment of student understanding and knowledge of threading concepts, making it the overall winner."
synchronization,remember,tie,tie|icl,"Both sets have questions that map to the target difficulty level via the cognitive type classification, with a focus on recall for easy questions.",tie,tie|tie,"All questions in both sets are unambiguous, grammatically correct, and free of multiple valid interpretations, making them clear and well-structured.",tie,tie|icl,"The cognitive work required for each question matches the target level, with recall questions requiring only direct recall and no multi-step reasoning.",tie,baseline|icl,"Set A questions, such as A1 and A3, target concepts that reveal depth of understanding, like critical section properties and condition variables in monitors.",icl,icl|icl,"Set B questions, such as B2, require a bit more understanding to distinguish between concepts like spinlocks and blocking semaphores, making them slightly better at separating students who truly understand from those who do not.",tie,tie|tie,"Neither set has questions that hint at their own answer, use leading phrasing, or embed the solution in the question text, indicating low bias and leakage risk in both sets.",tie,tie|icl,"Both sets are well-constructed and effectively target the desired cognitive levels, with neither set significantly outperforming the other across all dimensions."
synchronization,apply,tie,tie|tie,"Both sets have questions that map to the target difficulty level via the cognitive type classification, with A1 and B1 classified as RECALL, and A2, A3, B2, and B3 classified as ANALYZE or APPLY, matching the MEDIUM target difficulty.",tie,tie|tie,"All questions in both sets are unambiguous, grammatically correct, and free of multiple valid interpretations, making them clear and well-structured.",tie,tie|tie,"The cognitive work required for the questions in both sets matches the target level, with A1 and B1 requiring direct recall, and A2, A3, B2, and B3 requiring application or explanation of relationships.",tie,tie|tie,"All questions in both sets test concepts that reveal depth of understanding, targeting essential properties of critical section solutions, priority inversion, and synchronization techniques.",tie,tie|tie,"The questions in both sets are able to separate students who truly understand from those who do not, as they require either recall of key concepts or application of those concepts to scenarios or comparisons.",tie,tie|tie,"None of the questions in either set hint at their own answer, use leading phrasing, or embed the solution in the question text, minimizing bias and leakage risk.",tie,tie|tie,"Both sets of questions are of equivalent quality and effectiveness in assessing student understanding, with no set demonstrating a clear advantage over the other across all dimensions."
synchronization,evaluate,icl,icl|icl,"Set B has more questions that map to the target difficulty level via the cognitive type classification, with B2 requiring analysis and B3 requiring recall and application, aligning better with the medium and hard targets",icl,icl|icl,"Set B questions are more specific and less ambiguous, such as B2 which clearly asks for a comparison, reducing the chance of multiple valid interpretations",icl,icl|icl,"Set B requires more appropriate cognitive work for the target level, with B2 demanding a comparison that involves applying knowledge of spinlocks and blocking semaphores",icl,icl|icl,"Set B targets concepts that reveal depth of understanding, such as the trade-offs between synchronization methods in B2, which is crucial for evaluating synchronization protocols",icl,icl|icl,"Set B questions, like B2, are more likely to separate students who truly understand the concepts from those who do not, as they require application and analysis of the material",icl,icl|icl,"Set B has less bias and leakage risk, as questions like B2 and B3 do not hint at their own answers or use leading phrasing, making them more neutral and challenging",icl,icl|icl,"Set B excels in all dimensions, providing a better assessment of students' understanding of synchronization concepts and their ability to apply, analyze, and evaluate them"
filesystem,remember,tie,baseline|icl,"Set A has more questions that map to the target difficulty level, with A2 and A3 requiring analysis and evaluation, while Set B questions are mostly recall-based.",tie,tie|icl,"Both sets have unambiguous, grammatically correct questions with no multiple valid interpretations.",tie,baseline|icl,"Set A questions require more cognitive work, such as explaining differences and advantages, while Set B questions are mostly direct recall.",tie,baseline|icl,"Set A questions target concepts that reveal depth of understanding, such as the difference between hard and symbolic links, and the advantages of contiguous allocation.",tie,baseline|icl,"Set A questions are more likely to separate students who truly understand from those who do not, as they require more than just recall.",tie,tie|icl,"Neither set has questions that hint at their own answer or use leading phrasing, minimizing bias leakage risk.",tie,baseline|icl,"Set A is the overall winner due to its better cognitive depth, reasoning demand, educational value, and discriminative power, making it a more effective set of questions for assessing student understanding."
filesystem,apply,icl,icl|icl,"Set B has more questions that map to the target difficulty level of MEDIUM, with B1 and B3 requiring analysis and application of concepts.",tie,tie|icl,"Both sets have unambiguous, grammatically correct questions with no multiple valid interpretations.",icl,icl|icl,"Set B requires more appropriate cognitive work for the target level, with B2 and B3 demanding explanation and comparison of concepts.",icl,icl|icl,"Set B targets concepts that reveal depth of understanding, such as the trade-offs between file allocation methods and the role of inodes in file system organization.",icl,icl|icl,"Set B questions are more likely to separate students who truly understand from those who do not, as they require application and analysis of concepts.",icl,icl|icl,"Set B has less bias and leakage risk, as the questions do not hint at their own answers or embed the solution in the question text.",icl,icl|icl,"Set B is the better set overall, as it meets the target difficulty level, requires appropriate cognitive work, and has high educational value and discriminative power with low bias leakage risk."
filesystem,evaluate,icl,icl|icl,"Set B has more questions that map to the target difficulty of HARD via the EVALUATE classification, such as B1, which requires weighing trade-offs between different file allocation methods.",icl,icl|icl,"Set B questions, such as B1 and B3, are more unambiguous and grammatically correct, with clear requirements for evaluation and comparison, making them better suited for assessing the target level of understanding.",icl,icl|icl,"Set B questions, like B1, require the application of evaluative reasoning to justify design decisions, matching the target level of HARD, whereas Set A questions tend to focus more on description and comparison without requiring the same depth of reasoning.",icl,icl|icl,"Set B targets concepts that reveal a deeper understanding of file system design and trade-offs, such as the implications of block size on disk throughput and internal fragmentation, making them higher in educational value.",icl,icl|icl,"Set B questions are more likely to separate students who truly understand the underlying concepts from those who do not, as they require the application of knowledge in a more nuanced and evaluative manner, such as justifying the choice of a file allocation method based on workload patterns.",icl,icl|icl,"Set B questions tend to have lower bias and leakage risk, as they are phrased in a way that requires the student to demonstrate their understanding without being led to a specific answer, such as B3, which asks for a comparison of the effects of block size without suggesting a particular outcome.",icl,icl|icl,"Set B is superior across most dimensions, particularly in cognitive depth, reasoning demand, and educational value, making it a more effective set of questions for assessing a deep understanding of file system concepts and design trade-offs at the target difficulty level of HARD."
memory_paging,apply,tie,icl|baseline,"Set B has more questions classified as APPLY or ANALYZE, which matches the target difficulty of MEDIUM",tie,icl|baseline,"Set B questions are more specific and unambiguous, allowing for clearer discrimination at the target level",tie,icl|baseline,"Set B requires more cognitive work, such as explaining relationships and applying methods, to match the target level of MEDIUM",tie,icl|baseline,"Set B targets more fundamental concepts, such as the Clock page replacement algorithm and the effect of page size, which reveal depth of understanding",tie,icl|baseline,"Set B questions are more likely to separate students who truly understand from those who do not, as they require more nuanced reasoning",tie,icl|baseline,"Set B questions have less bias and leakage risk, as they do not hint at their own answers or use leading phrasing",tie,icl|baseline,"Set B excels in all dimensions, providing a more comprehensive and challenging assessment of student understanding at the target difficulty level of MEDIUM"
memory_paging,evaluate,icl,icl|icl,"Set B has more questions classified as EVALUATE, which matches the TARGET DIFFICULTY of HARD",tie,tie|tie,"Both sets have unambiguous, grammatically correct questions with no multiple valid interpretations",icl,icl|icl,"Set B requires more complex reasoning, such as explaining Belady's anomaly and describing the working set concept",icl,icl|icl,"Set B targets deeper concepts, such as the relationship between page size and internal fragmentation, and the working set concept",icl,icl|icl,"Set B questions are more likely to separate students who truly understand from those who do not, due to their complexity and depth",tie,tie|icl,Neither set has questions that hint at their own answer or use leading phrasing,icl,icl|icl,"Set B is more suitable for the TARGET DIFFICULTY of HARD, due to its deeper questions and higher cognitive demand"
threads,remember,tie,baseline|icl,"Set A has more questions classified as ANALYZE, which is suitable for the MEDIUM target difficulty, but since the target difficulty is EASY, Set A does not perfectly match the target, however, it still has a better distribution than Set B",tie,tie|tie,"Both sets have unambiguous, grammatically correct questions with no multiple valid interpretations",icl,icl|icl,"Set B has more questions that require ONLY direct recall, matching the EASY target level",tie,baseline|icl,"Set A targets concepts that reveal depth of understanding, such as the differences between user-level and kernel-level threads",icl,icl|icl,"Set B has questions that are more answerable by any student who studied, requiring less reasoning",tie,tie|tie,Neither set has questions that hint at their own answer or use leading phrasing,icl,icl|icl,Set B better matches the EASY target difficulty level due to its questions requiring less reasoning and being more directly recall-based
