chunk,level,comparison,base_condition_was,diversity_winner,diversity_reason,distractor_winner,distractor_reason,grounding_winner,grounding_reason,overall_winner,overall_reason
scheduling,remember,A_vs_B,set_1,A,"Set A covers a broader range of concepts, including preemptive algorithms, differences between preemptive and non-preemptive algorithms, and specific algorithm characteristics.",tie,Neither set provides enough information to evaluate the quality of the distractors.,A,"Set A's questions can be explicitly answered using the provided text, with clear references to preemptive and non-preemptive algorithms, and specific algorithm characteristics.",A,"Set A demonstrates a better overall quality, with a broader range of concepts and clear connections to the source material."
scheduling,remember,B_vs_C,set_2,C,"Set A covers a broader range of concepts, including preemption and comparison of algorithms, whereas Set B is more repetitive in its focus on non-preemptive algorithms.",tie,"Neither set provides explicit distractor options, making it impossible to evaluate their quality directly from the given information.",C,"Set A's questions can be more directly answered from the source material, such as identifying preemptive algorithms and understanding FCFS, without requiring external knowledge.",C,"Set A offers a more diverse and directly answerable set of questions that align with the source material, making it more suitable for an exam."
scheduling,apply,A_vs_B,set_1,tie,"Both sets cover similar concepts, with Set A focusing on preemptive and non-preemptive algorithms and Set B covering specific algorithm characteristics.",B,"Set B's questions are more specific and allow for more plausible distractors, whereas Set A's questions are more general and may have less plausible distractors.",B,"Set B's questions can be more explicitly derived from the text, such as the description of the Round Robin algorithm, whereas Set A's questions are more general and may require inference.",B,"Set B's questions are more specific, have more plausible distractors, and are more grounded in the source material, making it a better set for an exam."
scheduling,apply,B_vs_C,set_2,C,"Set A covers a broader range of concepts, including the implementation of Round Robin, comparison of algorithms, and the effect of time quantum on process turnaround time.",tie,Neither set provides explicit distractor options to evaluate their plausibility and correctness.,C,"Set A's questions can be explicitly answered based on the provided text, such as the description of Round Robin and its effects on process turnaround time.",C,Set A is strictly better due to its broader coverage of concepts and explicit grounding in the source material.
scheduling,evaluate,A_vs_B,set_1,B,"Set B covers a broader range of concepts, including a comparison of different algorithms and a scenario-based question, whereas Set A focuses more on definitions and implications of preemptive and non-preemptive scheduling.",tie,"Neither set provides explicit distractor options, making it impossible to evaluate their quality directly from the given information.",B,"Set B's questions are more closely tied to specific scenarios and comparisons described in the source material, reducing the likelihood of hallucination and increasing source grounding.",B,"Set B is strictly better due to its broader coverage of concepts, closer ties to the source material, and more scenario-based questions that promote deeper understanding of CPU scheduling algorithms."
scheduling,evaluate,B_vs_C,set_2,B,"Set B covers a broader range of concepts from the text, including scenarios and comparisons between multiple algorithms.",tie,Neither set provides explicit distractors to evaluate their quality.,B,"Set B's questions can be more explicitly derived from the text, such as comparing preemptive and non-preemptive algorithms and describing scenarios where certain algorithms are more suitable.",B,"Set B is more comprehensive and covers a wider range of concepts from the text, making it more suitable for an exam."
deadlock,remember,A_vs_B,set_1,B,"Set B covers a broader range of concepts from the text, including mutual exclusion, while Set A repeats the same question about the four conditions for deadlock to occur.",tie,Neither set provides explicit distractor options to evaluate their plausibility and correctness.,tie,"Both sets can be answered based on the provided text, but without explicit options, it's difficult to assess if the correct answers are explicitly derived from the source material.",B,"Set B demonstrates a slightly better coverage of the material by introducing a question about mutual exclusion, which is a key concept in deadlock prevention."
deadlock,remember,B_vs_C,set_2,C,"Set A covers a broader range of concepts from the text, including the four conditions for deadlock, their implications, and the necessity for deadlock to occur.",tie,Neither set provides explicit distractor options to evaluate their plausibility and correctness.,C,"Set A's questions can be explicitly answered based on the provided text, such as the four conditions for deadlock, without inventing new facts.",C,"Set A is strictly better due to its broader coverage of concepts and explicit grounding in the source material, making it more suitable for an exam."
deadlock,apply,A_vs_B,set_1,A,"Set A covers a broader range of concepts from the text, including the conditions for deadlock, the hold-and-wait condition, and the Banker's algorithm",tie,Neither set provides distractor options to evaluate their plausibility and correctness,A,"Set A's questions can be explicitly answered from the provided text, such as the four necessary conditions for a deadlock and the Banker's algorithm",A,Set A is strictly better for an exam due to its broader coverage of concepts and explicit grounding in the source material
deadlock,apply,B_vs_C,set_2,B,"Set B covers a broader range of concepts from the text, including the conditions for deadlock, the purpose of the Banker's algorithm, and its application in preventing deadlocks.",tie,"Both sets do not provide enough information to evaluate the quality of the distractors, as only the correct questions are given.",tie,"Both sets can be explicitly derived from the text provided, with Set A focusing on the Banker's algorithm and Set B covering the conditions for deadlock and the algorithm's purpose.",B,"Set B is strictly better for an exam because it covers a wider range of concepts from the text, including the fundamental conditions for deadlock and the role of the Banker's algorithm in preventing it."
deadlock,evaluate,A_vs_B,set_1,A,"Set A covers a broader range of concepts from the text, including Banker's algorithm, circular wait, and necessary conditions for deadlock.",tie,Neither set provides explicit distractor options to evaluate their plausibility and correctness.,A,"Set A's questions can be more directly answered with explicit information from the source material, such as the conditions for Banker's algorithm and circular wait.",A,Set A is strictly better for an exam due to its broader coverage of topics and more direct connection to the source material.
deadlock,evaluate,B_vs_C,set_2,C,"Set A covers a broader range of concepts from the text, including the conditions for deadlock and the concept of circular wait.",B,"Set B is likely to have more plausible distractors, as it asks more specific and technical questions that require a deeper understanding of the subject matter.",C,"Set A's questions can be more directly answered from the source material, with less need for inference or external knowledge.",C,"Set A is a better choice for an exam because it covers a wider range of topics and can be more directly answered from the source material, making it a more comprehensive and fair assessment of knowledge."
memory_paging,remember,A_vs_B,set_1,A,"Set A covers a broader range of concepts from the text, including page faults, page loading mechanisms, and the role of the OS, while Set B focuses more narrowly on page replacement algorithms and the TLB.",tie,"Neither set provides enough information about the distractors to evaluate their quality, as the incorrect options are not given.",A,"Set A's questions can be explicitly answered from the source material, such as what happens when a referenced page is absent, while Set B's questions may require some inference or external knowledge.",A,Set A is strictly better for an exam because it covers a wider range of topics from the source material and its questions can be directly answered from the text.
memory_paging,remember,B_vs_C,set_2,B,"Set B covers a broader range of concepts, including optimal page replacement algorithms, while Set A focuses primarily on the TLB.",tie,Neither set provides distractor options to evaluate their plausibility and correctness.,tie,"Both sets can be answered based on the provided source material, but without explicit distractors, it's hard to assess their direct derivation from the text.",B,"Set B demonstrates a slightly better coverage of the material by touching on the optimal page replacement algorithm, which is a key concept in the source text."
memory_paging,apply,A_vs_B,set_1,A,"Set A covers a broader range of concepts, including page replacement algorithms, TLB, and paging system performance, whereas Set B focuses more on page replacement algorithms and page faults.",tie,"Neither set provides explicit distractor options, making it impossible to assess their quality directly from the given information.",A,"Set A's questions can be more directly answered with explicit information from the source material, such as the explanation of LRU and the role of the TLB.",A,"Set A demonstrates a better balance of topical diversity and source grounding, making it more suitable for an exam based on the provided source material."
memory_paging,apply,B_vs_C,set_2,C,"Set A covers a broader range of concepts from the text, including replacement algorithms, TLB, and page fault handling.",tie,Neither set provides explicit distractor options to evaluate their plausibility and correctness.,C,"Set A's questions can be explicitly answered from the text, such as comparing replacement algorithms and describing TLB's role.",C,Set A demonstrates better coverage of the source material and requires more in-depth understanding of the concepts presented in the text.
memory_paging,evaluate,A_vs_B,set_1,B,"Set B covers a broader range of concepts, including page replacement algorithms and their eviction strategies, while Set A focuses primarily on page faults and the TLB.",tie,"Neither set provides explicit distractor options, making it impossible to assess their quality directly from the given information.",tie,"Both sets can be answered based on the provided source material, with Set A focusing on specific mechanisms and Set B on comparing algorithms, all of which are grounded in the text.",B,"Set B offers a more comprehensive assessment of the student's understanding by covering multiple aspects of virtual memory management, including the comparison of different page replacement algorithms."
memory_paging,evaluate,B_vs_C,set_2,B,"Set B covers a broader range of concepts from the text, including page replacement algorithms and their eviction strategies, whereas Set A is limited to the role of the TLB.",tie,Neither set provides explicit distractor options to evaluate their plausibility and correctness.,tie,"Both sets can be answered based on the provided text, but the correct answers are not explicitly derived from specific sentences or concepts without additional context.",B,"Set B is more comprehensive and covers multiple aspects of the text, making it a better choice for an exam."
threads,remember,A_vs_B,set_1,B,"Set B covers a broader range of concepts, including thread models, while Set A is repetitive about resource sharing",tie,Neither set provides distractors to evaluate their quality,tie,Both sets can be answered based on the provided source material without inventing facts,B,"Set B offers more varied and relevant questions, including one about thread models that is directly related to key concepts in the source material"
threads,remember,B_vs_C,set_2,B,"Set B covers a broader range of concepts, including thread models, while Set A is repetitive in asking about shared resources.",B,"Set B provides more diverse and plausible distractors, whereas Set A has nearly identical questions with potentially identical answers.",B,"Set B's questions, especially B3, can be explicitly answered from the source material, which discusses thread models and their characteristics.",B,"Set B is more comprehensive, varied, and grounded in the source material, making it a better choice for an exam."
threads,apply,A_vs_B,set_1,B,"Set B covers a broader range of concepts from the text, including thread mapping models, scheduling, and the effects of different models on thread management.",B,"Set B is likely to have more plausible but clearly incorrect distractors due to the complexity and nuance of the concepts it covers, such as the differences between PCS and SCS scheduling.",B,"Set B's questions are more closely tied to specific details and concepts from the source material, making it easier to derive correct answers explicitly from the text.",B,"Set B is strictly better for an exam due to its broader coverage of concepts, more nuanced questions, and closer ties to the source material."
threads,apply,B_vs_C,set_2,C,"Set A covers a broader range of concepts from the text, including resource sharing, thread characteristics, and scheduling models.",tie,Neither set provides explicit distractor options to evaluate their plausibility and correctness.,C,"Set A's questions can be explicitly answered from the source material, such as how threads share and differ in resources and the characteristics of the stack.",C,Set A is strictly better for an exam due to its broader coverage of concepts and explicit grounding in the source material.
threads,evaluate,A_vs_B,set_1,A,"Set A covers a broader range of concepts including thread resources, memory usage, and thread mapping models.",tie,Neither set provides explicit distractor options to evaluate their quality.,A,"Set A's questions can be more directly answered with explicit information from the source material, such as thread resources and mapping models.",A,"Set A demonstrates a better coverage of the source material and allows for more direct answers from the text, making it more suitable for an exam."
threads,evaluate,B_vs_C,set_2,C,"Set A covers a broader range of concepts, including scheduling models, shared resources, and parallelism, whereas Set B focuses more on resource sharing and scheduling scope.",tie,"Neither set provides explicit distractor options, making it impossible to evaluate their quality directly from the given information.",C,"Set A's questions can be more explicitly derived from the source material, such as the comparison between PCS and SCS scheduling models, which is directly mentioned in the text.",C,"Set A is more comprehensive and directly grounded in the source material, covering key concepts and distinctions relevant to thread management and scheduling models."
synchronization,remember,A_vs_B,set_1,tie,Both sets A and B only cover the concept of critical section requirements and do not demonstrate a broad range of concepts from the text.,tie,"Neither set A nor set B provides options to evaluate the quality of distractors, as they are not multiple-choice questions with provided answer options.",tie,"Both sets A and B can be answered based on the provided text, specifically the section that mentions the three requirements for a correct critical section solution.",tie,"Both sets A and B are essentially identical in content and structure, with no set being strictly better than the other for an exam based on the provided information."
synchronization,remember,B_vs_C,set_2,C,"Set A covers a broader range of concepts from the text, including primary requirements, key requirements, and correct characteristics of a CS solution.",tie,Neither set provides explicit distractors to evaluate their plausibility and correctness.,C,"Set A's questions can be explicitly answered based on the provided text, such as the primary requirement and key requirements for a correct CS solution.",C,"Set A demonstrates a better coverage of the topic and is more grounded in the source material, making it a more suitable choice for an exam."
synchronization,apply,A_vs_B,set_1,tie,"Both sets A and B cover the same narrow range of concepts from the text, specifically the properties of a correct critical section solution.",tie,Neither set provides any distractor options to evaluate their plausibility or correctness.,tie,"Both sets can be explicitly derived from the text provided, specifically the section on critical section solutions.",tie,"Both sets are essentially identical in terms of the questions asked and the concepts covered, with no notable differences in quality or relevance to the source material."
synchronization,apply,B_vs_C,set_2,B,"Set B has more varied question wording, while Set A repeats the same question three times.",tie,Neither set provides distractor options to evaluate their quality.,tie,Both sets ask about critical section properties that can be derived from the source material.,B,"Set B has more diverse question phrasing, making it a better representation of the material for an exam."
synchronization,evaluate,A_vs_B,set_1,tie,Both sets A and B only cover the concept of critical section properties and do not demonstrate a broad range of concepts from the text.,tie,"Neither set provides options to evaluate the quality of distractors, as only the questions are given without answer choices.",tie,"Both sets can be answered based on the provided text, specifically the section on critical section solutions, without inventing new facts.",tie,"Both sets are essentially identical in terms of the information they cover, with no set being strictly better than the other based on the provided questions alone."
synchronization,evaluate,B_vs_C,set_2,tie,"Both sets cover the same narrow concept of critical section problem requirements, with no diversity in topics.",tie,"Neither set provides options to evaluate the quality of distractors, as only the questions are given.",tie,"Both sets can be answered based on the provided text, specifically the section on critical section problem requirements.",tie,"Both sets are essentially identical in content and scope, with no set being strictly better than the other for an exam."
filesystem,remember,A_vs_B,set_1,A,"Set A covers a broader range of concepts, including file descriptors, lseek() behavior on different file types, and inode representation.",tie,Neither set provides distractor options to evaluate their quality.,A,"Set A's questions can be explicitly answered from the source material, such as the behavior of lseek() on pipes and sockets, and the representation of a file descriptor.",A,"Set A demonstrates better topical diversity and source grounding, making it a more comprehensive and accurate set of questions for an exam."
filesystem,remember,B_vs_C,set_2,C,"Set A covers a broader range of concepts from the text, including the lseek() function, inode metadata, and file system organization.",tie,Neither set provides distractor options to evaluate their quality.,C,"Set A's questions can be explicitly answered from the text, such as how lseek() handles non-seekable streams and what metadata is stored in an inode.",C,Set A is strictly better for an exam due to its broader coverage of concepts and explicit grounding in the source material.
filesystem,apply,A_vs_B,set_1,error,,error,,error,,error,
filesystem,apply,B_vs_C,set_2,error,,error,,error,,error,
filesystem,evaluate,A_vs_B,set_1,error,,error,,error,,error,
filesystem,evaluate,B_vs_C,set_2,error,,error,,error,,error,
